-- phpMyAdmin SQL Dump
-- version 5.2.1
-- https://www.phpmyadmin.net/
--
-- Host: 127.0.0.1:3306
-- Generation Time: Jul 08, 2025 at 11:00 PM
-- Server version: 9.1.0
-- PHP Version: 8.3.14

SET SQL_MODE = "NO_AUTO_VALUE_ON_ZERO";
START TRANSACTION;
SET time_zone = "+00:00";


/*!40101 SET @OLD_CHARACTER_SET_CLIENT=@@CHARACTER_SET_CLIENT */;
/*!40101 SET @OLD_CHARACTER_SET_RESULTS=@@CHARACTER_SET_RESULTS */;
/*!40101 SET @OLD_COLLATION_CONNECTION=@@COLLATION_CONNECTION */;
/*!40101 SET NAMES utf8mb4 */;

--
-- Database: `tourism_db`
--

-- --------------------------------------------------------

--
-- Table structure for table `activities`
--

DROP TABLE IF EXISTS `activities`;
CREATE TABLE IF NOT EXISTS `activities` (
  `id` int NOT NULL AUTO_INCREMENT,
  `plan_day_id` int DEFAULT NULL,
  `title` varchar(255) DEFAULT NULL,
  `category` varchar(100) DEFAULT NULL,
  `suggested_time` varchar(20) DEFAULT NULL,
  `location_url` text,
  PRIMARY KEY (`id`)
) ENGINE=MyISAM AUTO_INCREMENT=137 DEFAULT CHARSET=utf8mb4 COLLATE=utf8mb4_0900_ai_ci;

--
-- Dumping data for table `activities`
--

INSERT INTO `activities` (`id`, `plan_day_id`, `title`, `category`, `suggested_time`, `location_url`) VALUES
(1, 1, 'زيارة حديقة عامة', 'طبيعة', '14:00', NULL),
(2, 1, 'التسوق في مول', 'تسوق', '12:00', NULL),
(3, 1, 'متحف تاريخي', 'متاحف', '13:00', NULL),
(4, 2, 'زيارة حديقة عامة', 'طبيعة', '16:00', NULL),
(5, 2, 'شراء هدايا', 'تسوق', '16:00', NULL),
(6, 2, 'متحف تاريخي', 'متاحف', '9:00', NULL),
(7, 3, 'نزهة بجانب البحيرة', 'طبيعة', '16:00', NULL),
(8, 3, 'شراء هدايا', 'تسوق', '13:00', NULL),
(9, 3, 'متحف تاريخي', 'متاحف', '10:00', NULL),
(10, 4, 'نزهة بجانب البحيرة', 'طبيعة', '14:00', NULL),
(11, 4, 'شراء هدايا', 'تسوق', '16:00', NULL),
(12, 4, 'معرض فني', 'متاحف', '15:00', NULL),
(13, 5, 'زيارة حديقة عامة', 'طبيعة', '16:00', NULL),
(14, 5, 'التسوق في مول', 'تسوق', '13:00', NULL),
(15, 5, 'متحف تاريخي', 'متاحف', '11:00', NULL),
(16, 6, 'زيارة حديقة عامة', 'طبيعة', '11:00', NULL),
(17, 6, 'التسوق في مول', 'تسوق', '9:00', NULL),
(18, 6, 'معرض فني', 'متاحف', '10:00', NULL),
(19, 7, 'جولة جبلية', 'طبيعة', '10:00', NULL),
(20, 7, 'زيارة السوق الشعبي', 'تسوق', '13:00', NULL),
(21, 7, 'معرض فني', 'متاحف', '14:00', NULL),
(22, 8, 'جولة جبلية', 'طبيعة', '13:00', NULL),
(23, 8, 'متحف تاريخي', 'متاحف', '14:00', NULL),
(24, 8, 'مطعم محلي', 'أكل', '9:00', NULL),
(25, 9, 'زيارة حديقة عامة', 'طبيعة', '14:00', NULL),
(26, 9, 'معرض فني', 'متاحف', '11:00', NULL),
(27, 9, 'تجربة أطباق شعبية', 'أكل', '11:00', NULL),
(28, 10, 'جولة جبلية', 'طبيعة', '13:00', NULL),
(29, 10, 'معرض فني', 'متاحف', '16:00', NULL),
(30, 10, 'تجربة أطباق شعبية', 'أكل', '15:00', NULL),
(31, 11, 'جولة جبلية', 'طبيعة', '13:00', NULL),
(32, 11, 'متحف تاريخي', 'متاحف', '15:00', NULL),
(33, 11, 'تجربة أطباق شعبية', 'أكل', '9:00', NULL),
(34, 12, 'جولة جبلية', 'طبيعة', '12:00', NULL),
(35, 12, 'معرض فني', 'متاحف', '13:00', NULL),
(36, 12, 'مطعم محلي', 'أكل', '10:00', NULL),
(37, 13, 'نزهة بجانب البحيرة', 'طبيعة', '11:00', NULL),
(38, 13, 'معرض فني', 'متاحف', '15:00', NULL),
(39, 13, 'كافيه مميز', 'أكل', '11:00', NULL),
(40, 14, 'جولة جبلية', 'طبيعة', '9:00', NULL),
(41, 14, 'متحف تاريخي', 'متاحف', '11:00', NULL),
(42, 14, 'تجربة أطباق شعبية', 'أكل', '10:00', NULL),
(43, 15, 'زيارة حديقة عامة', 'طبيعة', '12:00', NULL),
(44, 15, 'معرض فني', 'متاحف', '12:00', NULL),
(45, 15, 'كافيه مميز', 'أكل', '10:00', NULL),
(46, 16, 'جولة جبلية', 'طبيعة', '9:00', NULL),
(47, 16, 'متحف تاريخي', 'متاحف', '10:00', NULL),
(48, 16, 'تجربة أطباق شعبية', 'أكل', '12:00', NULL),
(49, 17, 'نزهة بجانب البحيرة', 'طبيعة', '16:00', NULL),
(50, 17, 'متحف المدينة', 'متاحف', '11:00', NULL),
(51, 17, 'مطعم محلي', 'أكل', '13:00', NULL),
(52, 18, 'جولة جبلية', 'طبيعة', '13:00', NULL),
(53, 18, 'متحف تاريخي', 'متاحف', '9:00', NULL),
(54, 18, 'كافيه مميز', 'أكل', '13:00', NULL),
(55, 19, 'جولة جبلية', 'طبيعة', '11:00', NULL),
(56, 19, 'معرض فني', 'متاحف', '16:00', NULL),
(57, 19, 'مطعم محلي', 'أكل', '10:00', NULL),
(58, 20, 'زيارة حديقة عامة', 'طبيعة', '10:00', NULL),
(59, 20, 'متحف المدينة', 'متاحف', '11:00', NULL),
(60, 20, 'كافيه مميز', 'أكل', '15:00', NULL),
(61, 21, 'نزهة بجانب البحيرة', 'طبيعة', '9:00', NULL),
(62, 21, 'متحف المدينة', 'متاحف', '16:00', NULL),
(63, 21, 'مطعم محلي', 'أكل', '9:00', NULL),
(64, 22, 'جولة جبلية', 'طبيعة', '9:00', NULL),
(65, 22, 'متحف المدينة', 'متاحف', '10:00', NULL),
(66, 22, 'مطعم محلي', 'أكل', '16:00', NULL),
(67, 23, 'نزهة بجانب البحيرة', 'طبيعة', '12:00', NULL),
(68, 23, 'متحف تاريخي', 'متاحف', '12:00', NULL),
(69, 23, 'كافيه مميز', 'أكل', '11:00', NULL),
(70, 24, 'زيارة حديقة عامة', 'طبيعة', '9:00', NULL),
(71, 24, 'متحف المدينة', 'متاحف', '14:00', NULL),
(72, 24, 'مطعم محلي', 'أكل', '15:00', NULL),
(73, 25, 'نزهة بجانب البحيرة', 'طبيعة', '13:00', NULL),
(74, 25, 'معرض فني', 'متاحف', '14:00', NULL),
(75, 25, 'مطعم محلي', 'أكل', '10:00', NULL),
(76, 26, 'زيارة حديقة عامة', 'طبيعة', '12:00', NULL),
(77, 26, 'متحف تاريخي', 'متاحف', '11:00', NULL),
(78, 26, 'كافيه مميز', 'أكل', '13:00', NULL),
(79, 27, 'زيارة حديقة عامة', 'طبيعة', '15:00', NULL),
(80, 27, 'معرض فني', 'متاحف', '11:00', NULL),
(81, 27, 'كافيه مميز', 'أكل', '14:00', NULL),
(82, 28, 'نزهة بجانب البحيرة', 'طبيعة', '12:00', NULL),
(83, 28, 'معرض فني', 'متاحف', '15:00', NULL),
(84, 28, 'كافيه مميز', 'أكل', '9:00', NULL),
(85, 29, 'زيارة حديقة عامة', 'طبيعة', '16:00', NULL),
(86, 29, 'متحف تاريخي', 'متاحف', '9:00', NULL),
(87, 29, 'تجربة أطباق شعبية', 'أكل', '16:00', NULL),
(88, 30, 'زيارة حديقة عامة', 'طبيعة', '9:00', NULL),
(89, 30, 'معرض فني', 'متاحف', '13:00', NULL),
(90, 30, 'كافيه مميز', 'أكل', '12:00', NULL),
(91, 31, 'زيارة السوق الشعبي', 'تسوق', '11:00', NULL),
(92, 31, 'كافيه مميز', 'أكل', '14:00', NULL),
(93, 32, 'زيارة السوق الشعبي', 'تسوق', '9:00', NULL),
(94, 32, 'كافيه مميز', 'أكل', '10:00', NULL),
(95, 33, 'جولة جبلية', 'طبيعة', '10:00', NULL),
(96, 33, 'شراء هدايا', 'تسوق', '12:00', NULL),
(97, 33, 'متحف تاريخي', 'متاحف', '14:00', NULL),
(98, 33, 'كافيه مميز', 'أكل', '9:00', NULL),
(99, 34, 'نزهة بجانب البحيرة', 'طبيعة', '16:00', NULL),
(100, 34, 'التسوق في مول', 'تسوق', '15:00', NULL),
(101, 34, 'معرض فني', 'متاحف', '14:00', NULL),
(102, 34, 'مطعم محلي', 'أكل', '12:00', NULL),
(103, 35, 'نزهة بجانب البحيرة', 'طبيعة', '15:00', NULL),
(104, 35, 'التسوق في مول', 'تسوق', '12:00', NULL),
(105, 35, 'متحف تاريخي', 'متاحف', '11:00', NULL),
(106, 35, 'كافيه مميز', 'أكل', '13:00', NULL),
(107, 36, 'زيارة حديقة عامة', 'طبيعة', '15:00', NULL),
(108, 36, 'التسوق في مول', 'تسوق', '12:00', NULL),
(109, 36, 'متحف تاريخي', 'متاحف', '11:00', NULL),
(110, 37, 'جولة جبلية', 'طبيعة', '9:00', NULL),
(111, 37, 'شراء هدايا', 'تسوق', '14:00', NULL),
(112, 37, 'متحف المدينة', 'متاحف', '15:00', NULL),
(113, 38, 'زيارة حديقة عامة', 'طبيعة', '12:00', NULL),
(114, 38, 'شراء هدايا', 'تسوق', '12:00', NULL),
(115, 38, 'متحف تاريخي', 'متاحف', '11:00', NULL),
(116, 39, 'نزهة بجانب البحيرة', 'طبيعة', '15:00', NULL),
(117, 39, 'شراء هدايا', 'تسوق', '14:00', NULL),
(118, 39, 'معرض فني', 'متاحف', '13:00', NULL),
(119, 40, 'نزهة بجانب البحيرة', 'طبيعة', '14:00', NULL),
(120, 40, 'شراء هدايا', 'تسوق', '14:00', NULL),
(121, 40, 'معرض فني', 'متاحف', '9:00', NULL),
(122, 41, 'نزهة بجانب البحيرة', 'طبيعة', '11:00', NULL),
(123, 41, 'زيارة السوق الشعبي', 'تسوق', '14:00', NULL),
(124, 41, 'وجبة سريعة تقليدية', 'أكل', '9:00', NULL),
(125, 42, 'نزهة بجانب البحيرة', 'طبيعة', '16:00', NULL),
(126, 42, 'سوق المنتجات المحلية', 'تسوق', '11:00', NULL),
(127, 42, 'وجبة سريعة تقليدية', 'أكل', '12:00', NULL),
(128, 43, 'نزهة بجانب البحيرة', 'طبيعة', '9:00', NULL),
(129, 43, 'تجربة المفاوضة في الأسواق', 'تسوق', '14:00', NULL),
(130, 43, 'تجربة أطباق شعبية', 'أكل', '12:00', NULL),
(131, 44, 'زيارة حديقة عامة', 'طبيعة', '10:00', NULL),
(132, 44, 'سوق المنتجات المحلية', 'تسوق', '14:00', NULL),
(133, 44, 'وجبة سريعة تقليدية', 'أكل', '11:00', NULL),
(134, 45, 'جولة جبلية', 'طبيعة', '15:00', NULL),
(135, 45, 'زيارة محلات التحف', 'تسوق', '12:00', NULL),
(136, 45, 'تجربة أطباق شعبية', 'أكل', '15:00', NULL);

-- --------------------------------------------------------

--
-- Table structure for table `plans`
--

DROP TABLE IF EXISTS `plans`;
CREATE TABLE IF NOT EXISTS `plans` (
  `id` int NOT NULL AUTO_INCREMENT,
  `user_id` int DEFAULT NULL,
  `city` varchar(100) DEFAULT NULL,
  `days_count` int DEFAULT NULL,
  `preferences` text,
  `created_at` timestamp NULL DEFAULT CURRENT_TIMESTAMP,
  PRIMARY KEY (`id`)
) ENGINE=MyISAM AUTO_INCREMENT=8 DEFAULT CHARSET=utf8mb4 COLLATE=utf8mb4_0900_ai_ci;

--
-- Dumping data for table `plans`
--

INSERT INTO `plans` (`id`, `user_id`, `city`, `days_count`, `preferences`, `created_at`) VALUES
(1, 2, 'جدة ', 7, '[\"\\u0637\\u0628\\u064a\\u0639\\u0629\",\"\\u062a\\u0633\\u0648\\u0642\",\"\\u0645\\u062a\\u0627\\u062d\\u0641\"]', '2025-07-07 20:17:34'),
(2, 2, 'الرياض', 15, '[\"\\u0637\\u0628\\u064a\\u0639\\u0629\",\"\\u0645\\u062a\\u0627\\u062d\\u0641\",\"\\u0623\\u0643\\u0644\"]', '2025-07-07 20:44:57'),
(3, 3, 'عسير ', 8, '[\"\\u0637\\u0628\\u064a\\u0639\\u0629\",\"\\u0645\\u062a\\u0627\\u062d\\u0641\",\"\\u0623\\u0643\\u0644\"]', '2025-07-07 23:43:22'),
(4, 3, 'جدة ', 2, '[\"\\u062a\\u0633\\u0648\\u0642\",\"\\u0623\\u0643\\u0644\"]', '2025-07-07 23:44:55'),
(5, 4, 'الرياض', 3, '[\"\\u0637\\u0628\\u064a\\u0639\\u0629\",\"\\u062a\\u0633\\u0648\\u0642\",\"\\u0645\\u062a\\u0627\\u062d\\u0641\",\"\\u0623\\u0643\\u0644\"]', '2025-07-08 21:38:46'),
(6, 4, 'عسير ', 5, '[\"\\u0637\\u0628\\u064a\\u0639\\u0629\",\"\\u062a\\u0633\\u0648\\u0642\",\"\\u0645\\u062a\\u0627\\u062d\\u0641\"]', '2025-07-08 22:05:29'),
(7, 4, 'الدمــــــــام ', 5, '[\"\\u0637\\u0628\\u064a\\u0639\\u0629\",\"\\u062a\\u0633\\u0648\\u0642\",\"\\u0623\\u0643\\u0644\"]', '2025-07-08 22:58:54');

-- --------------------------------------------------------

--
-- Table structure for table `plan_days`
--

DROP TABLE IF EXISTS `plan_days`;
CREATE TABLE IF NOT EXISTS `plan_days` (
  `id` int NOT NULL AUTO_INCREMENT,
  `plan_id` int DEFAULT NULL,
  `day_number` int DEFAULT NULL,
  PRIMARY KEY (`id`)
) ENGINE=MyISAM AUTO_INCREMENT=46 DEFAULT CHARSET=utf8mb4 COLLATE=utf8mb4_0900_ai_ci;

--
-- Dumping data for table `plan_days`
--

INSERT INTO `plan_days` (`id`, `plan_id`, `day_number`) VALUES
(1, 1, 1),
(2, 1, 2),
(3, 1, 3),
(4, 1, 4),
(5, 1, 5),
(6, 1, 6),
(7, 1, 7),
(8, 2, 1),
(9, 2, 2),
(10, 2, 3),
(11, 2, 4),
(12, 2, 5),
(13, 2, 6),
(14, 2, 7),
(15, 2, 8),
(16, 2, 9),
(17, 2, 10),
(18, 2, 11),
(19, 2, 12),
(20, 2, 13),
(21, 2, 14),
(22, 2, 15),
(23, 3, 1),
(24, 3, 2),
(25, 3, 3),
(26, 3, 4),
(27, 3, 5),
(28, 3, 6),
(29, 3, 7),
(30, 3, 8),
(31, 4, 1),
(32, 4, 2),
(33, 5, 1),
(34, 5, 2),
(35, 5, 3),
(36, 6, 1),
(37, 6, 2),
(38, 6, 3),
(39, 6, 4),
(40, 6, 5),
(41, 7, 1),
(42, 7, 2),
(43, 7, 3),
(44, 7, 4),
(45, 7, 5);

-- --------------------------------------------------------

--
-- Table structure for table `users`
--

DROP TABLE IF EXISTS `users`;
CREATE TABLE IF NOT EXISTS `users` (
  `id` int NOT NULL AUTO_INCREMENT,
  `name` varchar(100) NOT NULL,
  `email` varchar(100) NOT NULL,
  `password` varchar(255) NOT NULL,
  `created_at` timestamp NULL DEFAULT CURRENT_TIMESTAMP,
  PRIMARY KEY (`id`),
  UNIQUE KEY `email` (`email`)
) ENGINE=MyISAM AUTO_INCREMENT=5 DEFAULT CHARSET=utf8mb4 COLLATE=utf8mb4_0900_ai_ci;

--
-- Dumping data for table `users`
--

INSERT INTO `users` (`id`, `name`, `email`, `password`, `created_at`) VALUES
(2, 'SALEH', 'saleh24@gmail.com', '$2y$10$CrjmE.4RQQImUElqYD84eeAZLkdfacmoiKZsSOePeTMBMdN/sLkoG', '2025-07-07 20:07:17'),
(3, 'alia', 'alia23@gmail.com', '$2y$10$mf8Xp8tu3BTr5t6bIrbCVuZ/gYvy7C68y58r/vJxNEgh674XuUhe6', '2025-07-07 23:41:49'),
(4, 'alia2', 'alia230@gmail.com', '$2y$10$BqLxfsAyakoUEM1fla6YFOx2BEP3h0bOV1lfUciYKNOtXaPapT792', '2025-07-08 21:38:26');
COMMIT;

/*!40101 SET CHARACTER_SET_CLIENT=@OLD_CHARACTER_SET_CLIENT */;
/*!40101 SET CHARACTER_SET_RESULTS=@OLD_CHARACTER_SET_RESULTS */;
/*!40101 SET COLLATION_CONNECTION=@OLD_COLLATION_CONNECTION */;
